x	y	class	number
5	0	out	5
5	5	out	7.07106781186548
0	5	out	5
-5	-5	out	7.07106781186548
-5	0	out	5
0	-5	out	5
1	1	in	1.4142135623731
-1	-1	in	1.4142135623731
1	-1	in	1.4142135623731